{"slr": {"r2_score": 0.8334415255181805, "coefficients": [4.871906845250875], "intercept": -0.08736429205004548, "features": ["CO(GT)"]}, "mlr": {"r2_score": 0.87985369741941, "coefficients": [4.75026668036737, 0.15601089204795446, 0.009813398222657782], "intercept": -3.1331440087768403, "features": ["CO(GT)", "T", "RH"]}, "test_stats": {"p_value_t": 4.844446735409452e-115, "p_value_chi": 3.318270528975984e-97, "z_score": 59.46037478447268, "p_value_z": 0.0}, "alpha": 0.05, "target": "Benzene (C6H6)"}