{"t_stat": 23.312836289349683, "p_value_t": 4.844446735409452e-115, "chi2": 444.3026205964597, "p_value_chi": 3.318270528975984e-97, "z_score": 59.46037478447268, "p_value_z": 0.0, "alpha": 0.05, "r2_score": 0.8334415255181805, "model_coefficients": [4.871906845250875], "model_intercept": -0.08736429205004548, "target": "Benzene (C6H6)"}